{"0I6,0VI65": {"7V7": 1.0}, "0II,0III7": {"0I": 1.0}, "0IV6,0VII7o": {"0I": 1.0}, "0I6,0V7": {"0I": 1.0}, "7V65,7I7": {"0VI9": 1.0}, "5V7,0IV64": {"0II42": 1.0}, "7II43,7V7": {"7VI7": 1.0}, "0V43,7IV": {"7V7": 1.0}, "7VII7o,2VII7o/": {"7V7": 1.0}, "0V,7II65": {"7V7": 1.0}, "0I,0IV64": {"0VII6": 0.2, "0V43": 0.2, "0I": 0.4, "5V7": 0.2}, "0V,0V7": {"0I": 1.0}, "0IV6,0I": {"0V43": 1.0}, "0V,7IV": {"7II6": 0.6666666666666666, "7V43": 0.3333333333333333}, "7VI,5V65": {"0IV": 1.0}, "0V6,7V": {"0V": 1.0}, "0V,7V7": {"0V": 1.0}, "0V,0V6": {"0I": 1.0}, "0VI,0II65": {"0I64": 1.0}, "7IV,7V43": {"7VII6": 1.0}, "0V7,0VI": {"0IV6": 0.3333333333333333, "0II7": 0.3333333333333333, "0IV": 0.3333333333333333}, "0V,7V65": {"9VII7o/": 1.0}, "0II,7V65": {"0V": 1.0}, "0IV,0VII43o": {"0I6": 1.0}, "0IV64,0II42": {"0V7": 1.0}, "7II7,0V": {"0I": 1.0}, "0II7,0V7": {"0I": 1.0}, "7I7,0VI9": {"0V7": 1.0}, "7VII6,0V": {"7V65": 1.0}, "0I,0V6": {"0I": 1.0}, "9VII7o/,9I": {"0II43": 1.0}, "0II6,0VII43o": {"0I6": 1.0}, "7V65,9V6": {"7II": 1.0}, "0V43,0I6": {"0V": 0.5, "5V65": 0.5}, "0I,0I7": {"0I6": 1.0}, "0I6,0V42": {"0I6": 1.0}, "5IV7,5V": {"0IV": 1.0}, "0IV6,0IV": {"0I64": 1.0}, "0VI,0IV": {"0I": 0.5, "0IV6": 0.5}, "0I6,0I64": {"0II65": 0.5, "0V7": 0.5}, "0V,0I6": {"0IV": 0.5, "0VII6": 0.5}, "0IV,0VII7o": {"0III6": 0.5, "0I": 0.5}, "7V42,0V6": {"7II7": 0.5, "5V65": 0.5}, "7V42,7I6": {"7IV42maj": 1.0}, "5V65,0IV": {"0VII7o": 0.3333333333333333, "0V42": 0.3333333333333333, "0VII43o": 0.3333333333333333}, "2V7,0II": {"0V": 1.0}, "0VII43o,0I6": {"0V": 0.5, "0IV42maj": 0.5}, "7V65,0V": {"9VII7o": 0.25, "7IV": 0.5, "9V": 0.25}, "0VII42o,7V7": {"0V": 1.0}, "0IV,0I": {"0IV": 0.3333333333333333, "0II65": 0.3333333333333333, "0V7": 0.3333333333333333}, "7II7,7V7": {"0V": 1.0}, "0I,0I6": {"0V42": 1.0}, "0III,0IV7": {"0II": 1.0}, "7VI,7II7": {"7V7": 1.0}, "5V7,0IV7maj": {"7VII7o": 1.0}, "0V,2VII43o": {"0II6": 1.0}, "7II6,7V42": {"7I6": 1.0}, "7V7,0V": {"7II7": 0.1111111111111111, "0VI": 0.1111111111111111, "0V43": 0.1111111111111111, "0II65": 0.1111111111111111, "0III": 0.1111111111111111, "5V7": 0.2222222222222222, "0I6": 0.1111111111111111, "2VII43o": 0.1111111111111111}, "2I9,2V43": {"0II6": 1.0}, "7V43,7VII6": {"0V": 1.0}, "5V,0IV": {"0I": 1.0}, "0III,0VI9": {"0V7": 1.0}, "7IV,7II6": {"7V7": 1.0}, "9I,0I64": {"0IV6": 1.0}, "0VI,0IV6": {"0VII": 1.0}, "0VII6,0I": {"7IV": 0.3333333333333333, "0V": 0.6666666666666666}, "0II,0V6": {"0I": 1.0}, "0VI,0V7": {"0I": 1.0}, "7VII7o,0VII42o": {"7V7": 1.0}, "7I6,7IV42maj": {"7II7": 1.0}, "0VI6,0II": {"0V6": 1.0}, "0IV,0VII6": {"0III": 1.0}, "0IV6,0II6": {"0V7": 1.0}, "7VII7o/,0V6": {"7V": 1.0}, "0VI,0II6": {"0V": 1.0}, "0I6,0IV42maj": {"0II7": 1.0}, "0I,5V43": {"0IV": 1.0}, "7II65,7V7": {"0V6": 0.5, "0V": 0.5}, "0IV,0V": {"0I": 1.0}, "0VII6,0III": {"0VI6": 1.0}, "7V7,7VI7": {"7VII7o": 1.0}, "0VII,0III6": {"0VI": 1.0}, "7V7,7VI": {"5V65": 0.5, "7II7": 0.5}, "7IV,7V42": {"0V6": 1.0}, "0V,0II": {"0VI": 1.0}, "0I,0II7": {"0V": 0.5, "0VII7o": 0.5}, "0II6,0V": {"0I": 0.5, "0I6": 0.5}, "0VI43,0VII6": {"0I": 1.0}, "7V65,9VII7o/": {"9I": 1.0}, "0IV7,0II": {"0III7": 1.0}, "0V,9VII7o": {"9V7": 1.0}, "9VII7o,9V7": {"9I": 1.0}, "7II7,7V": {"0V6": 1.0}, "0IV,0VI43": {"0VII6": 1.0}, "0VI,0I6": {"0I64": 1.0}, "0II7,0VII7o": {"0I": 1.0}, "2VII7o,2V7": {"0II": 1.0}, "0V6,0I": {"0IV": 0.5, "0VI": 0.25, "0IV64": 0.25}, "7II7,0V6": {"7IV": 1.0}, "7VI,7V65": {"9V6": 1.0}, "0I,0V43": {"0I6": 0.5, "0VI": 0.5}, "0I64,0V": {"0V7": 1.0}, "9I,0II43": {"0I64": 1.0}, "0IV,0IV6": {"0VII7o": 1.0}, "0I,5VII7o": {"0IV": 1.0}, "0IV,0V7": {"0I": 0.5, "0VI": 0.5}, "0VI65,7V7": {"0V": 1.0}, "7VI7,7II65": {"7V7": 1.0}, "0VII7o,0I": {"0IV64": 0.3333333333333333, "0V7": 0.3333333333333333, "0I6": 0.3333333333333333}, "7V,0V": {"7II65": 1.0}, "2VII7o/,7V7": {"0V": 1.0}, "0I,5V7": {"0IV7maj": 1.0}, "0III,0IV": {"0I": 1.0}, "0I,0II65": {"0I64": 1.0}, "5VII7o,0IV": {"0VII7o": 1.0}, "0V,0III": {"0VI9": 1.0}, "7II65,7V42": {"0V6": 1.0}, "0II6,0V7": {"0I": 1.0}, "9I,5V7": {"0IV": 1.0}, "0I,7II6": {"7V42": 1.0}, "0V65,0I": {"7V65": 0.6666666666666666, "7II6": 0.3333333333333333}, "0III6,0VI": {"0II6": 1.0}, "2V43,0II6": {"7V65": 1.0}, "0VII6,0V7": {"0III": 1.0}, "0V6,7II43": {"7V7": 1.0}, "0II6,7V65": {"7I7": 1.0}, "0I64,0IV6": {"0I": 1.0}, "5V7,0IV": {"0II": 0.5, "0VI43": 0.5}, "0II42,0V7": {"0I": 1.0}, "0I64,0II65": {"0V7": 1.0}, "0V,9V": {"9I": 1.0}, "0II65,0V7": {"0I": 1.0}, "0IV64,0V43": {"0I6": 1.0}, "0V6,5V65": {"0IV": 1.0}, "0I,0IV": {"0V7": 0.2, "0V": 0.2, "0V6": 0.2, "0II": 0.2, "5IV7": 0.2}, "7II,0V6": {"7II65": 1.0}, "0IV64,0I": {"0II42": 1.0}, "7II6,7V7": {"7III6": 0.3333333333333333, "7VI": 0.3333333333333333, "0V": 0.3333333333333333}, "0VI9,0V7": {"0I": 1.0}, "0IV64,5V7": {"2VII7o/": 1.0}, "5V43,0IV": {"0V7": 1.0}, "0V7,0III": {"0IV7": 1.0}, "0I,0V": {"0VI": 0.2, "0II": 0.2, "7V7": 0.2, "7VII7o/": 0.2, "7IV": 0.2}, "7V7,0V6": {"7II43": 1.0}, "0IV,0V42": {"0I6": 1.0}, "0II42,0V65": {"0I": 1.0}, "0II7,0V": {"0VI": 1.0}, "0V,0V43": {"7IV": 1.0}, "0III7,0I": {"0II7": 1.0}, "0V42,0I6": {"0VI65": 0.5, "0V7": 0.5}, "0IV,0I64": {"0V7": 1.0}, "0IV42maj,0II7": {"0V7": 1.0}, "7V6,7II7": {"7V": 1.0}, "0V,0I": {"0IV64": 0.4, "5VII7o": 0.2, "0IV6": 0.2, "0IV": 0.2}, "7V7,7III6": {"7VI7": 1.0}, "0I,0VI": {"0II": 1.0}, "0II43,0I64": {"0V": 1.0}, "2VII43o,0II6": {"0VII43o": 1.0}, "0VI,0II": {"7V65": 1.0}, "0V7,7V6": {"7II7": 1.0}, "0V,5V7": {"0IV": 0.5, "0IV64": 0.5}, "7VI7,7VII7o": {"2VII7o/": 1.0}, "0V,0II65": {"0V7": 1.0}, "9V,9I": {"0I64": 1.0}, "7III6,7VI7": {"7II65": 1.0}, "5V7,2VII7o/": {"2I9": 1.0}, "0IV,5IV7": {"5V": 1.0}, "0IV64,0VII6": {"0I": 1.0}, "0V6,7II65": {"7V42": 1.0}, "0I6,0VII6": {"0I": 1.0}, "0I6,0IV": {"0VII6": 1.0}, "0IV6,0VII": {"0III6": 1.0}, "0V6,7IV": {"0V6": 1.0}, "0I,0IV6": {"0II6": 0.5, "0IV": 0.5}, "0IV,0V6": {"0I": 1.0}, "0I,0V7": {"7II6": 0.3333333333333333, "0VI": 0.3333333333333333, "7V6": 0.3333333333333333}, "7IV,7V7": {"7VI": 1.0}, "0V,7II7": {"0V6": 1.0}, "0II65,0I64": {"0V7": 1.0}, "7IV,0V6": {"7II7": 1.0}, "0I,7IV": {"7V42": 0.5, "7VI": 0.5}, "0VII7o,0III6": {"0VI": 1.0}, "0I6,5V65": {"0IV": 1.0}, "7IV,7VI": {"7V65": 1.0}, "0I7,0I6": {"0I64": 1.0}, "0II,0VII6": {"0V7": 1.0}, "0V,7VII7o/": {"0V6": 1.0}, "7IV42maj,7II7": {"7V7": 1.0}, "0V6,7V65": {"0V": 1.0}, "0I6,0V": {"0I": 0.5, "0V6": 0.5}, "0VI,0III": {"0IV": 1.0}, "0V7,0I": {"0II7": 0.06666666666666667, "0V": 0.13333333333333333, "0IV": 0.06666666666666667, "0IV64": 0.06666666666666667, "5V43": 0.06666666666666667, "0V43": 0.06666666666666667, "0IV6": 0.06666666666666667, "7IV": 0.06666666666666667, "0I7": 0.06666666666666667, "0V6": 0.06666666666666667, "0V7": 0.06666666666666667, "0II42": 0.06666666666666667, "5V7": 0.06666666666666667}, "0V6,7II7": {"7V7": 0.5, "0V": 0.5}, "9V6,7II": {"0V6": 1.0}, "9V7,9I": {"5V7": 1.0}, "0I,7V65": {"0V": 1.0}, "2VII7o/,2I9": {"2V43": 1.0}, "0V43,0VI": {"0I6": 1.0}, "0I64,0V7": {"0I": 0.75, "0VI": 0.25}, "0II,0V": {"0I": 1.0}, "0III,0VI6": {"0II": 1.0}, "0V7,7II6": {"7V7": 1.0}, "0V,0VI": {"0III": 0.3333333333333333, "0II65": 0.3333333333333333, "0V7": 0.3333333333333333}, "0II,0VI": {"0IV": 1.0}, "0II,2VII7o": {"2V7": 1.0}, "0IV,0II": {"2VII7o": 0.5, "0VII6": 0.5}, "0VI,0II7": {"0V7": 1.0}, "0I,0II42": {"0V65": 1.0}, "0IV7maj,7VII7o": {"0VII42o": 1.0}, "7V,0V6": {"7V65": 1.0}}