{"0VI6": {"0II": 1.0}, "0VI9": {"0V7": 1.0}, "0VII": {"0III6": 1.0}, "0II43": {"0I64": 1.0}, "5V7": {"0IV": 0.4, "2VII7o/": 0.2, "0IV7maj": 0.2, "0IV64": 0.2}, "9VII7o/": {"9I": 1.0}, "9V": {"9I": 1.0}, "0IV6": {"0VII": 0.2, "0II6": 0.2, "0IV": 0.2, "0VII7o": 0.2, "0I": 0.2}, "7VII6": {"0V": 1.0}, "0II6": {"0V": 0.4, "0V7": 0.2, "7V65": 0.2, "0VII43o": 0.2}, "0IV42maj": {"0II7": 1.0}, "0III": {"0IV": 0.25, "0VI6": 0.25, "0IV7": 0.25, "0VI9": 0.25}, "5V43": {"0IV": 1.0}, "7I6": {"7IV42maj": 1.0}, "9I": {"5V7": 0.3333333333333333, "0II43": 0.3333333333333333, "0I64": 0.3333333333333333}, "0V43": {"0I6": 0.5, "7IV": 0.25, "0VI": 0.25}, "0III7": {"0I": 1.0}, "7II43": {"7V7": 1.0}, "0V6": {"7II7": 0.16666666666666666, "7IV": 0.08333333333333333, "0I": 0.3333333333333333, "7II43": 0.08333333333333333, "7II65": 0.08333333333333333, "5V65": 0.08333333333333333, "7V": 0.08333333333333333, "7V65": 0.08333333333333333}, "0V42": {"0I6": 1.0}, "7II7": {"7V7": 0.5, "0V6": 0.16666666666666666, "0V": 0.16666666666666666, "7V": 0.16666666666666666}, "0IV64": {"0VII6": 0.16666666666666666, "0V43": 0.16666666666666666, "0I": 0.3333333333333333, "5V7": 0.16666666666666666, "0II42": 0.16666666666666666}, "0VII6": {"0I": 0.6000000000000001, "0III": 0.2, "0V7": 0.2}, "7V7": {"0V": 0.6428571428571427, "7III6": 0.07142857142857142, "0V6": 0.07142857142857142, "7VI7": 0.07142857142857142, "7VI": 0.14285714285714285}, "7II6": {"7V7": 0.75, "7V42": 0.25}, "0VI65": {"7V7": 1.0}, "7V": {"0V": 0.5, "0V6": 0.5}, "0I7": {"0I6": 1.0}, "2VII43o": {"0II6": 1.0}, "9VII7o": {"9V7": 1.0}, "0VII42o": {"7V7": 1.0}, "7II65": {"7V7": 0.6666666666666666, "7V42": 0.3333333333333333}, "0II7": {"0V": 0.25, "0VII7o": 0.25, "0V7": 0.5}, "0I6": {"0IV": 0.09090909090909091, "0V": 0.18181818181818182, "5V65": 0.09090909090909091, "0VI65": 0.09090909090909091, "0I64": 0.18181818181818182, "0VII6": 0.09090909090909091, "0V42": 0.09090909090909091, "0V7": 0.09090909090909091, "0IV42maj": 0.09090909090909091}, "0II": {"0VI": 0.14285714285714285, "0V6": 0.14285714285714285, "7V65": 0.14285714285714285, "2VII7o": 0.14285714285714285, "0V": 0.14285714285714285, "0VII6": 0.14285714285714285, "0III7": 0.14285714285714285}, "7V6": {"7II7": 1.0}, "0VII43o": {"0I6": 1.0}, "2I9": {"2V43": 1.0}, "0IV7maj": {"7VII7o": 1.0}, "0III6": {"0VI": 1.0}, "0IV": {"0I": 0.16666666666666666, "0V": 0.1111111111111111, "0VII7o": 0.1111111111111111, "0VII6": 0.05555555555555555, "0V6": 0.05555555555555555, "0II": 0.1111111111111111, "0V7": 0.05555555555555555, "0V42": 0.05555555555555555, "0I64": 0.05555555555555555, "0VII43o": 0.05555555555555555, "0VI43": 0.05555555555555555, "5IV7": 0.05555555555555555, "0IV6": 0.05555555555555555}, "0I64": {"0V7": 0.5, "0II65": 0.16666666666666666, "0V": 0.16666666666666666, "0IV6": 0.16666666666666666}, "7V65": {"0V": 0.5714285714285714, "9V6": 0.14285714285714285, "7I7": 0.14285714285714285, "9VII7o/": 0.14285714285714285}, "7II": {"0V6": 1.0}, "0V7": {"0I": 0.7000000000000001, "0VI": 0.15000000000000002, "0III": 0.05, "7II6": 0.05, "7V6": 0.05}, "0VI": {"0III": 0.09090909090909091, "0II65": 0.09090909090909091, "0IV": 0.18181818181818182, "0I": 0.09090909090909091, "0II6": 0.18181818181818182, "0II": 0.09090909090909091, "0V7": 0.09090909090909091, "0II7": 0.09090909090909091, "0I6": 0.09090909090909091}, "2V43": {"0II6": 1.0}, "7IV": {"7V42": 0.14285714285714285, "0V6": 0.14285714285714285, "7II6": 0.2857142857142857, "7V7": 0.14285714285714285, "7VI": 0.14285714285714285, "7V43": 0.14285714285714285}, "5VII7o": {"0IV": 1.0}, "0V65": {"0I": 1.0}, "2V7": {"0II": 1.0}, "7IV42maj": {"7II7": 1.0}, "7VII7o/": {"0V6": 1.0}, "2VII7o/": {"7V7": 0.5, "2I9": 0.5}, "7VI7": {"7II65": 0.5, "7VII7o": 0.5}, "5IV7": {"5V": 1.0}, "9V7": {"9I": 1.0}, "7I7": {"0VI9": 1.0}, "0VI43": {"0VII6": 1.0}, "0II42": {"0V65": 0.75, "0V7": 0.25}, "0II65": {"0V7": 0.75, "0I64": 0.25}, "5V": {"0IV": 1.0}, "7III6": {"7VI7": 1.0}, "0IV7": {"0II": 1.0}, "7V43": {"7VII6": 1.0}, "7VII7o": {"2VII7o/": 0.5, "0VII42o": 0.5}, "0V": {"0VI": 0.1, "0I": 0.19999999999999998, "0II": 0.03333333333333333, "7II7": 0.03333333333333333, "0I6": 0.06666666666666667, "9VII7o": 0.03333333333333333, "7IV": 0.1, "0V43": 0.03333333333333333, "0II65": 0.03333333333333333, "0III": 0.03333333333333333, "0V6": 0.03333333333333333, "7V7": 0.03333333333333333, "5V7": 0.06666666666666667, "7VII7o/": 0.03333333333333333, "7II65": 0.03333333333333333, "7V65": 0.03333333333333333, "0V7": 0.03333333333333333, "9V": 0.03333333333333333, "2VII43o": 0.03333333333333333}, "2VII7o": {"2V7": 1.0}, "0VII7o": {"0III6": 0.25, "0I": 0.75}, "9V6": {"7II": 1.0}, "7V42": {"0V6": 0.6666666666666666, "7I6": 0.3333333333333333}, "5V65": {"0IV": 1.0}, "0I": {"0V": 0.11904761904761904, "0IV": 0.11904761904761904, "0II7": 0.047619047619047616, "0II65": 0.023809523809523808, "0IV6": 0.07142857142857142, "0IV64": 0.11904761904761904, "7IV": 0.047619047619047616, "5VII7o": 0.023809523809523808, "0VI": 0.023809523809523808, "0II42": 0.07142857142857142, "7V65": 0.047619047619047616, "0V7": 0.07142857142857142, "5V43": 0.023809523809523808, "0V43": 0.047619047619047616, "0I7": 0.023809523809523808, "0V6": 0.023809523809523808, "0I6": 0.023809523809523808, "7II6": 0.023809523809523808, "5V7": 0.023809523809523808}, "7VI": {"5V65": 0.3333333333333333, "7II7": 0.3333333333333333, "7V65": 0.3333333333333333}}