{"8I": {"8bIV64": 0.2857142857142857, "8III": 0.14285714285714285, "8V7": 0.14285714285714285, "0V": 0.14285714285714285, "8IV": 0.14285714285714285, "0V7": 0.14285714285714285}, "7V65": {"7V7": 0.25, "0V7": 0.75}, "0V6": {"7II7o/": 1.0}, "2V43": {"7V7": 1.0}, "8bIV64": {"8I": 1.0}, "5VII43o": {"5V43": 1.0}, "0VII4+o": {"0I42": 1.0}, "0VII42o/": {"7V7": 1.0}, "8I6": {"7V7": 1.0}, "0V43": {"0I": 1.0}, "0I": {"0IV": 0.09090909090909091, "0VII4+o": 0.045454545454545456, "7V65": 0.09090909090909091, "5bI64": 0.045454545454545456, "0V7": 0.09090909090909091, "7V7": 0.045454545454545456, "5V7": 0.13636363636363635, "2V7": 0.09090909090909091, "0V": 0.045454545454545456, "1III": 0.045454545454545456, "1V7": 0.045454545454545456, "8V65": 0.045454545454545456, "0II65": 0.045454545454545456, "0bIV64": 0.045454545454545456, "0VI": 0.045454545454545456, "0Ib": 0.045454545454545456}, "0bIII": {"1V6": 0.3333333333333333, "0V": 0.3333333333333333, "7V65": 0.3333333333333333}, "5II64": {"5VII42o": 1.0}, "5VII7o": {"5II64": 1.0}, "6Fr+6": {"6V": 1.0}, "7V6": {"0IV": 1.0}, "1V7": {"8IV": 0.3333333333333333, "1I": 0.6666666666666666}, "0bI6": {"0bIV": 1.0}, "1IV42": {"7Ger+6": 1.0}, "0bIV64": {"0II42": 0.25, "0bI": 0.25, "0bVI6": 0.25, "0V7": 0.25}, "0V7": {"0I": 0.35714285714285704, "9V65": 0.07142857142857142, "0VI": 0.03571428571428571, "5V7": 0.10714285714285714, "2V7": 0.07142857142857142, "5V43": 0.03571428571428571, "0bI": 0.21428571428571425, "0bIV6": 0.03571428571428571, "0bVI": 0.03571428571428571, "7bI": 0.03571428571428571}, "0II42": {"0V65": 0.5, "0bIV64": 0.5}, "3Ger+6": {"3V": 0.5, "5VII43o": 0.5}, "0b0IV7": {"0V7": 1.0}, "0I42": {"2V7": 1.0}, "0IV": {"0V7": 0.36363636363636365, "0bIV": 0.09090909090909091, "0II65": 0.09090909090909091, "0II": 0.09090909090909091, "5VII7o": 0.09090909090909091, "0bI": 0.09090909090909091, "0II6o": 0.18181818181818182}, "8IV": {"8II": 0.3333333333333333, "8It+6": 0.3333333333333333, "8V7": 0.3333333333333333}, "0VII7o": {"0V6": 1.0}, "7bIV7": {"8I6": 1.0}, "0V": {"7V6": 0.06666666666666667, "1V42": 0.06666666666666667, "7V7": 0.06666666666666667, "0III6": 0.06666666666666667, "0VI7": 0.06666666666666667, "0bIII": 0.06666666666666667, "0I": 0.2, "6I": 0.06666666666666667, "0bIV64": 0.06666666666666667, "5V7": 0.06666666666666667, "0bI": 0.13333333333333333, "0V42": 0.06666666666666667}, "8III": {"0bI": 1.0}, "7VII7o": {"0V": 1.0}, "7II": {"7V7": 1.0}, "8V7": {"4bVI": 0.25, "8I": 0.75}, "1V42": {"1I6": 0.5, "0IV": 0.5}, "0II65": {"0V7": 0.3333333333333333, "0V": 0.3333333333333333, "0I64": 0.3333333333333333}, "0bIV": {"0I": 0.5, "0bI": 0.25, "0V65": 0.25}, "5V": {"0V43": 1.0}, "8I64": {"8V7": 1.0}, "5V43": {"0IV64": 0.5, "0IV": 0.5}, "5It+6": {"5V7": 1.0}, "0III6": {"0VI7": 1.0}, "7V7": {"7VI": 0.09090909090909091, "0V": 0.5454545454545455, "0V7": 0.18181818181818182, "0V65": 0.09090909090909091, "7bI": 0.09090909090909091}, "0II7": {"0V9": 0.5, "0V7": 0.5}, "3V6": {"3Ger+6": 1.0}, "7I64": {"7V7": 1.0}, "0IV64": {"0V65": 1.0}, "1V6": {"1II64": 1.0}, "1V": {"1I": 1.0}, "8It+6": {"8V7": 1.0}, "0II": {"0V7": 0.5, "0VII65o/": 0.5}, "4bVI": {"4Fr+6": 1.0}, "1III": {"1I": 1.0}, "3V": {"0bIII": 0.5, "3Ger+6": 0.5}, "8V65": {"8I": 1.0}, "1I": {"1V": 0.16666666666666666, "1IV": 0.16666666666666666, "0V7": 0.5, "0V": 0.16666666666666666}, "1IV": {"1II": 1.0}, "0bV64": {"7V7": 1.0}, "7II7o/": {"0Fr+6": 1.0}, "0VI7": {"0II65": 0.5, "7V7": 0.5}, "4V": {"6bVI": 1.0}, "1II64": {"1V42": 1.0}, "1II": {"3V": 1.0}, "8V6": {"0bVI": 1.0}, "5VII42o": {"5I64": 1.0}, "5bIV64": {"1IV42": 1.0}, "0Ib": {"0b0IV7": 1.0}, "7VII65o": {"0V7": 1.0}, "0bIV6": {"0bVI": 1.0}, "0II6o": {"0V7": 1.0}, "8VI": {"8IV": 1.0}, "5I64": {"5V7": 1.0}, "0Fr+6": {"0V": 1.0}, "1I6": {"2V43": 1.0}, "7bI": {"7bIV7": 0.5, "8V6": 0.5}, "0IV6": {"0V7": 0.5, "0bIV64": 0.5}, "7Ger+6": {"7I64": 1.0}, "4Fr+6": {"4V": 1.0}, "8II": {"5It+6": 1.0}, "0V42": {"0bI6": 1.0}, "4V65": {"0bIII": 1.0}, "6bVI": {"6Fr+6": 1.0}, "7VI": {"7II": 1.0}, "0VII65o/": {"0V": 1.0}, "5bI64": {"5V": 1.0}, "0bI": {"7VII65o": 0.0625, "0V7": 0.1875, "0bV64": 0.0625, "3V6": 0.0625, "0I": 0.0625, "8I": 0.0625, "7V7": 0.0625, "0bVI6": 0.125, "0bVI": 0.0625, "0V65": 0.0625, "4V65": 0.0625, "5V7": 0.0625}, "0bVI6": {"0bI": 0.3333333333333333, "0VII7o": 0.3333333333333333, "1I": 0.3333333333333333}, "2V7": {"0II": 0.2, "0II7": 0.8}, "9V65": {"0VI": 1.0}, "0bVI": {"1V7": 0.5, "1I": 0.25, "0V65": 0.25}, "6V": {"8Fr+6": 1.0}, "6I": {"5bIV64": 1.0}, "5V7": {"0IV": 0.5454545454545455, "8VI": 0.09090909090909091, "0IV6": 0.18181818181818182, "0bIV": 0.09090909090909091, "0II42": 0.09090909090909091}, "0V65": {"0I": 0.3333333333333333, "5V7": 0.16666666666666666, "0bI": 0.5}, "0VI": {"7VII7o": 0.25, "0bIV": 0.25, "7V65": 0.25, "0VII42o/": 0.25}, "0I64": {"0V": 1.0}, "0V9": {"0I": 1.0}, "8Fr+6": {"8I64": 1.0}}