{"6bVI,6Fr+6": {"6V": 1.0}, "1I6,2V43": {"7V7": 1.0}, "0I,0IV": {"0V7": 0.3333333333333333, "0bIV": 0.3333333333333333, "0II": 0.3333333333333333}, "0bVI6,0bI": {"0V7": 1.0}, "0II6o,0V7": {"0I": 1.0}, "0V,7V6": {"0I": 1.0}, "0bI,0bVI": {"1I": 1.0}, "0bI,7VII65o": {"0V7": 1.0}, "8V65,8I": {"8V7": 1.0}, "0V,0bVI": {"1I6": 1.0}, "0II65,0V": {"0VI7": 1.0}, "7I64,7V7": {"0V": 1.0}, "8IV,8V7": {"8I": 1.0}, "0I,2V7": {"0II7": 1.0}, "0IV,0bI": {"0V7": 1.0}, "0bI,0V7": {"0bI": 0.3333333333333333, "0bIV6": 0.3333333333333333, "0bVI": 0.3333333333333333}, "8I6,7V7": {"7bI": 1.0}, "0V7,0bVI": {"1V7": 1.0}, "1I,0V": {"0bI": 1.0}, "4bVI,4Fr+6": {"4V": 1.0}, "0bIV64,0bVI6": {"0bI": 1.0}, "0IV6,0bIV64": {"0II42": 1.0}, "7V,0V43": {"0bI": 1.0}, "0II,0VII65o/": {"0V": 1.0}, "1V,1I": {"1IV": 1.0}, "8It+6,8V7": {"4bVI": 1.0}, "5V43,0IV64": {"0V65": 1.0}, "8IV,8II": {"5It+6": 1.0}, "0VII7o,0V6": {"7II7o/": 1.0}, "8IV,8It+6": {"8V7": 1.0}, "0bI,0bI64": {"0V7": 1.0}, "0I,0V": {"0bIII": 1.0}, "0VII65o/,0V": {"0III6": 1.0}, "0V7,5V7": {"0IV": 0.6666666666666666, "0bIV": 0.3333333333333333}, "0V7,0VI": {"0bIV": 1.0}, "3V,3Ger+6": {"5VII43o": 1.0}, "7V,2V": {"7V": 1.0}, "0bIV64,0bI": {"0V7": 1.0}, "0I,1V7": {"8IV": 1.0}, "5II64,5VII42o": {"5I64": 1.0}, "1IV,1II": {"3V": 1.0}, "5V7,0bIV": {"0bI": 1.0}, "4Fr+6,4V": {"6bVI": 1.0}, "7V,3V7": {"0bIII": 1.0}, "0bIV6,0bVI": {"1V7": 1.0}, "3Ger+6,3V": {"3Ger+6": 1.0}, "0II7,0V7": {"0I": 1.0}, "0bVI6,0VII7o": {"0V6": 1.0}, "8I,0V7": {"5V7": 1.0}, "0bIV64,0II42": {"0V65": 1.0}, "0I64,0V": {"0I": 1.0}, "0II65,0V7": {"0I": 1.0}, "0I,1III": {"1I": 1.0}, "0VI,7V65": {"0V7": 1.0}, "0I42,2V7": {"0II": 1.0}, "3VI,7V": {"3V7": 1.0}, "0VI7,0II65": {"0V": 1.0}, "0I,8V65": {"8I": 1.0}, "1V7,1I": {"0V7": 1.0}, "0V7,5V43": {"0IV64": 1.0}, "0bV64,7V7": {"0V": 1.0}, "5VII7o,5II64": {"5VII42o": 1.0}, "7bVI,7II65o/": {"7V": 1.0}, "0V7,9V65": {"0VI": 1.0}, "5V7,0IV": {"0II65": 0.16666666666666666, "0V7": 0.3333333333333333, "0V": 0.16666666666666666, "0II6o": 0.3333333333333333}, "6I,5bIV64": {"1IV42": 1.0}, "0I,0bIV64": {"0bI": 1.0}, "0IV,0V7": {"0I": 0.6666666666666666, "2V7": 0.3333333333333333}, "8bIV64,8III": {"0bI": 1.0}, "0V,0III6": {"0VI7": 1.0}, "0bI,8I": {"8IV": 1.0}, "7V7,7VI": {"7II": 1.0}, "9V65,0VI": {"7VII7o": 0.5, "7V65": 0.5}, "0I,0bI": {"0bVI6": 0.5}, "7II,7V7": {"0V": 1.0}, "7V7,0V65": {"0I": 1.0}, "0I,5V7": {"0IV": 0.6666666666666666, "0IV6": 0.3333333333333333}, "8V7,8I": {"8bIV64": 0.3333333333333333, "0V": 0.3333333333333333, "0V7": 0.3333333333333333}, "0IV6,0V7": {"5V43": 1.0}, "1I,1IV": {"1II": 1.0}, "0I,0VI": {"0VII42o/": 1.0}, "0bIII,7V65": {"0V7": 1.0}, "0V7,7bI": {"7bIV7": 1.0}, "0IV,0II65": {"0V7": 1.0}, "0II65,0I64": {"0V": 1.0}, "2V43,7V7": {"0V7": 1.0}, "7II65o/,7V": {"2V": 1.0}, "7V7,0V": {"1V42": 0.16666666666666666, "7V7": 0.16666666666666666, "0I": 0.16666666666666666, "0bIV64": 0.16666666666666666, "5V7": 0.16666666666666666, "0bI": 0.16666666666666666}, "7VII7o,0V": {"7V6": 1.0}, "0bIV64,0V7": {"0bI": 1.0}, "1V42,0IV": {"5VII7o": 1.0}, "0V43,0bI": {"0V": 1.0}, "5V,0V43": {"0I": 1.0}, "0V43,0I": {"7V65": 1.0}, "8VI,8IV": {"8It+6": 1.0}, "8I,8IV": {"8V7": 1.0}, "0bIII,1V6": {"1II64": 1.0}, "0VI,0bIV": {"0I": 1.0}, "0bVI,1I": {"0V7": 1.0}, "0V,0bIII": {"1V6": 1.0}, "0V,7V7": {"0V7": 1.0}, "8III,0bI": {"7VII65o": 1.0}, "0bI,7V7": {"0V": 1.0}, "0II,0V7": {"9V65": 1.0}, "8I,8bIV64": {"8III": 1.0}, "0V9,0I": {"2V7": 0.5, "0IV": 0.5}, "0bI,0bVI6": {"0VII7o": 0.25, "1I": 0.25, "3V65": 0.25, "3V7": 0.25}, "0IV64,0V65": {"5V7": 1.0}, "2V,7V": {"0V43": 1.0}, "8V7,4bVI": {"4Fr+6": 1.0}, "8I64,8V7": {"8I": 1.0}, "0Fr+6,0V": {"0V42": 1.0}, "2V7,0II": {"0V7": 1.0}, "1I,0V7": {"0bI": 1.0}, "0bI,3V6": {"3Ger+6": 1.0}, "0VI,7VII7o": {"0V": 1.0}, "8I,8V7": {"8I": 1.0}, "0IV,0II6o": {"0V7": 1.0}, "7bI,7bIV7": {"8I6": 1.0}, "7Ger+6,7I64": {"7V7": 1.0}, "5I64,5V7": {"0IV": 1.0}, "0V,2V7": {"0II7": 1.0}, "1IV42,7Ger+6": {"7I64": 1.0}, "3V65,0bIII": {"7V65": 0.5, "1I6": 0.5}, "0Ib,0bIV7": {"0V7": 1.0}, "0bIV7,0V7": {"0bI": 1.0}, "5V7,0IV6": {"0V7": 0.5, "0bIV64": 0.5}, "0V42,0bI6": {"0bIV": 1.0}, "1I6,0II65o/": {"0bI64": 1.0}, "7V65,0V7": {"0VI": 0.3333333333333333, "0I": 0.3333333333333333, "7bI": 0.3333333333333333}, "1V42,1I6": {"2V43": 1.0}, "7V7,0V7": {"0I": 1.0}, "0VI7,7V7": {"0V65": 1.0}, "0bIII,1I6": {"0II65o/": 1.0}, "0V7,2V7": {"0II7": 1.0}, "0I,0V7": {"9V65": 0.5, "5V7": 0.5}, "5VII43o,5V43": {"0IV": 1.0}, "1I,1V": {"1I": 1.0}, "0IV,0bIV": {"0I": 1.0}, "0bVI,1I6": {"0II65o/": 1.0}, "0bVI,1V7": {"1I": 1.0}, "0bI,0V": {"0bVI": 1.0}, "0VI,0VII42o/": {"7V7": 1.0}, "1II,3V": {"0bIII": 1.0}, "7bI,8V6": {"0bVI": 1.0}, "0bVI6,1I": {"0V": 1.0}, "0I,0VII4+o": {"0I42": 1.0}, "0I,5bI64": {"5V": 1.0}, "0I,0II65": {"0I64": 1.0}, "0bIII,7bVI": {"7II65o/": 1.0}, "5V43,0IV": {"0bI": 1.0}, "0bVI6,3V7": {"0bIII": 1.0}, "0bI6,0bIV": {"0V65": 1.0}, "2V7,0II7": {"0V9": 0.5, "0V7": 0.5}, "5V7,0II42": {"0bIV64": 1.0}, "0I,7V65": {"7V7": 0.5, "0V7": 0.5}, "8Fr+6,8I64": {"8V7": 1.0}, "1V6,1II64": {"1V42": 1.0}, "0V,6I": {"5bIV64": 1.0}, "3V7,0bIII": {"3VI": 0.5, "7bVI": 0.5}, "7V6,0I": {"0IV": 1.0}, "0V,0VI7": {"7V7": 1.0}, "7II7o/,0Fr+6": {"0V": 1.0}, "0V,0V42": {"0bI6": 1.0}, "0II65o/,0bI64": {"0V7": 1.0}, "5bI64,5V": {"0V43": 1.0}, "6Fr+6,6V": {"8Fr+6": 1.0}, "8V6,0bVI": {"0V65": 1.0}, "0V,1V42": {"1I6": 1.0}, "3V,0bIII": {"0V": 1.0}, "4V,6bVI": {"6Fr+6": 1.0}, "8I,0V": {"6I": 1.0}, "5bIV64,1IV42": {"7Ger+6": 1.0}, "0bI,0bV64": {"7V7": 1.0}, "1II64,1V42": {"0IV": 1.0}, "5V7,8VI": {"8IV": 1.0}, "0V,0bIV64": {"0bVI6": 1.0}, "0bI64,0V7": {"0bI": 0.3333333333333333, "0I": 0.6666666666666666}, "0VII42o/,7V7": {"0V": 1.0}, "5VII42o,5I64": {"5V7": 1.0}, "1V7,8IV": {"8II": 1.0}, "0V,0bI": {"0bVI6": 0.5, "0bI64": 0.5}, "0bVI,0V65": {"0bI": 1.0}, "0bIII,0V": {"0I": 1.0}, "0III6,0VI7": {"0II65": 1.0}, "0II7,0V9": {"0I": 1.0}, "0V,0I": {"0V7": 0.3333333333333333, "5V7": 0.3333333333333333, "0bIV64": 0.3333333333333333}, "0bI,0I": {"5V7": 1.0}, "7V7,7bI": {"8V6": 1.0}, "7VI,7II": {"7V7": 1.0}, "0IV,0II": {"0VII65o/": 1.0}, "5It+6,5V7": {"8VI": 1.0}, "3Ger+6,5VII43o": {"5V43": 1.0}, "0V,5V7": {"0IV": 1.0}, "0bI,0V65": {"0bI": 1.0}, "0bI,5V7": {"0II42": 1.0}, "0II42,0bIV64": {"0V7": 1.0}, "0bVI6,3V65": {"0bIII": 1.0}, "0V7,0bI": {"0bV64": 0.14285714285714285, "3V6": 0.14285714285714285, "0I": 0.14285714285714285, "8I": 0.14285714285714285, "0V65": 0.14285714285714285, "0bVI6": 0.2857142857142857}, "0IV,0V": {"2V7": 1.0}, "0VII4+o,0I42": {"2V7": 1.0}, "0V7,0I": {"0VII4+o": 0.08333333333333333, "5bI64": 0.08333333333333333, "7V7": 0.08333333333333333, "5V7": 0.08333333333333333, "2V7": 0.08333333333333333, "1III": 0.08333333333333333, "1V7": 0.08333333333333333, "8V65": 0.08333333333333333, "0VI": 0.08333333333333333, "0Ib": 0.08333333333333333, "0bI": 0.16666666666666666}, "0V6,7II7o/": {"0Fr+6": 1.0}, "6V,8Fr+6": {"8I64": 1.0}, "7VII65o,0V7": {"5V7": 1.0}, "0bIV,0bI": {"7V7": 1.0}, "1III,1I": {"1V": 1.0}, "0II42,0V65": {"0I": 1.0}, "0bIV,0I": {"7V65": 0.5, "0V7": 0.5}, "7bIV7,8I6": {"7V7": 1.0}, "3V6,3Ger+6": {"3V": 1.0}, "8II,5It+6": {"5V7": 1.0}, "0V65,0bI": {"0bVI": 0.3333333333333333, "3V65": 0.3333333333333333, "5V7": 0.3333333333333333}, "0bIV,0V65": {"0bI": 1.0}, "0V65,0I": {"0V": 0.5, "0II65": 0.5}, "0V7,0bIV6": {"0bVI": 1.0}, "0IV,5VII7o": {"5II64": 1.0}, "0V65,5V7": {"0IV6": 1.0}, "0bIII,3VI": {"7V": 1.0}, "0bI,3V65": {"0bIII": 1.0}, "0I,0Ib": {"0bIV7": 1.0}, "7V65,7V7": {"7VI": 1.0}, "0I,7V7": {"0V": 1.0}}