{"1V7": {"8IV": 1.0}, "1V42": {"1I6": 0.5, "0IV": 0.5}, "8III": {"0bI": 1.0}, "7V65": {"7V7": 0.3333333333333333, "0V7": 0.6666666666666666}, "0I42": {"2V7": 1.0}, "1I": {"1V": 0.5, "1IV": 0.5}, "5V": {"0V43": 1.0}, "0I": {"0IV": 0.10526315789473684, "0VII4+o": 0.05263157894736842, "7V65": 0.10526315789473684, "5bI64": 0.05263157894736842, "0V7": 0.10526315789473684, "7V7": 0.05263157894736842, "5V7": 0.10526315789473684, "2V7": 0.10526315789473684, "0V": 0.05263157894736842, "1III": 0.05263157894736842, "1V7": 0.05263157894736842, "8V65": 0.05263157894736842, "0II65": 0.05263157894736842}, "0VI": {"7VII7o": 0.3333333333333333, "0bIV": 0.3333333333333333, "7V65": 0.3333333333333333}, "0VI7": {"0II65": 0.5, "7V7": 0.5}, "7VII7o": {"0V": 1.0}, "8V65": {"8I": 1.0}, "0II": {"0V7": 0.5, "0VII65o/": 0.5}, "1II64": {"1V42": 1.0}, "5VII42o": {"5I64": 1.0}, "3V": {"0bIII": 1.0}, "7V7": {"7VI": 0.14285714285714285, "0V": 0.42857142857142855, "0V7": 0.2857142857142857, "0V65": 0.14285714285714285}, "0V": {"7V6": 0.1, "1V42": 0.1, "7V7": 0.1, "0III6": 0.1, "0VI7": 0.1, "0bIII": 0.1, "0I": 0.30000000000000004, "6I": 0.1}, "6#VI": {"6Fr+6": 1.0}, "0V43": {"0I": 1.0}, "8It+6": {"8V7": 1.0}, "0I64": {"0V": 1.0}, "7I64": {"7V7": 1.0}, "0II65": {"0V7": 0.3333333333333333, "0V": 0.3333333333333333, "0I64": 0.3333333333333333}, "5bIV64": {"1IV42": 1.0}, "6V": {"8Fr+6": 1.0}, "1III": {"1I": 1.0}, "8bIV64": {"8I": 1.0}, "0IV": {"0V7": 0.5, "0bIV": 0.125, "0II65": 0.125, "0II": 0.125, "5VII7o": 0.125}, "2V43": {"7V7": 1.0}, "4Fr+6": {"4V": 1.0}, "0III6": {"0VI7": 1.0}, "0VII65o/": {"0V": 1.0}, "7II": {"7V7": 1.0}, "1II": {"3V": 1.0}, "5bI64": {"5V": 1.0}, "5It+6": {"5V7": 1.0}, "0bIV": {"0I": 1.0}, "8I": {"8bIV64": 0.4, "8III": 0.2, "8V7": 0.2, "0V": 0.2}, "8I64": {"8V7": 1.0}, "7Ger+6": {"7I64": 1.0}, "8IV": {"8II": 0.5, "8It+6": 0.5}, "5VII7o": {"5II64": 1.0}, "1I6": {"2V43": 1.0}, "5II64": {"5VII42o": 1.0}, "8II": {"5It+6": 1.0}, "0bI": {"7VII65o": 1.0}, "0IV64": {"0V65": 1.0}, "5I64": {"5V7": 1.0}, "7VI": {"7II": 1.0}, "5V7": {"0IV": 0.5714285714285714, "8VI": 0.14285714285714285, "0IV6": 0.2857142857142857}, "0V65": {"0I": 0.6666666666666666, "5V7": 0.3333333333333333}, "6I": {"5bIV64": 1.0}, "0IV6": {"0V7": 0.5, "0bIV64": 0.5}, "1V": {"1I": 1.0}, "1V6": {"1II64": 1.0}, "7V6": {"0IV": 1.0}, "4V": {"6#VI": 1.0}, "4#VI": {"4Fr+6": 1.0}, "5V43": {"0IV64": 1.0}, "0bIII": {"1V6": 0.5, "0V": 0.5}, "1IV": {"1II": 1.0}, "0II42": {"0V65": 1.0}, "2V7": {"0II": 0.2, "0II7": 0.8}, "0II7": {"0V9": 0.5, "0V7": 0.5}, "9V65": {"0VI": 1.0}, "0V7": {"0I": 0.5, "9V65": 0.125, "0VI": 0.0625, "5V7": 0.125, "2V7": 0.125, "5V43": 0.0625}, "8V7": {"4#VI": 0.3333333333333333, "8I": 0.6666666666666666}, "6Fr+6": {"6V": 1.0}, "0V9": {"0I": 1.0}, "0VII4+o": {"0I42": 1.0}, "8VI": {"8IV": 1.0}, "8Fr+6": {"8I64": 1.0}, "0bIV64": {"0II42": 1.0}, "7VII65o": {"0V7": 1.0}, "1IV42": {"7Ger+6": 1.0}}