{"5I64": {"5V7": 1.0}, "1II64": {"1V42": 1.0}, "0Ib": {"0b0IV7": 1.0}, "0VI7": {"0II65": 0.5, "7V7": 0.5}, "0I": {"0IV": 0.12, "0VII4+o": 0.04, "7V65": 0.08, "5bI64": 0.04, "0V7": 0.08, "7V7": 0.04, "5V7": 0.12, "2V7": 0.08, "0V": 0.04, "1III": 0.04, "1V7": 0.04, "8V65": 0.04, "0II65": 0.04, "0bIV64": 0.04, "0VI": 0.04, "0Ib": 0.04, "0bI": 0.08}, "8IV": {"8II": 0.3333333333333333, "8It+6": 0.3333333333333333, "8V7": 0.3333333333333333}, "5V": {"0V43": 1.0}, "3V65": {"0bIII": 1.0}, "1V6": {"1II64": 1.0}, "0IV": {"0V7": 0.2727272727272727, "0bIV": 0.09090909090909091, "0II65": 0.09090909090909091, "0II": 0.09090909090909091, "5VII7o": 0.09090909090909091, "0V": 0.09090909090909091, "0bI": 0.09090909090909091, "0II6o": 0.18181818181818182}, "4Fr+6": {"4V": 1.0}, "5VII43o": {"5V43": 1.0}, "0bIII": {"1V6": 0.16666666666666666, "0V": 0.16666666666666666, "7V65": 0.16666666666666666, "1I6": 0.16666666666666666, "3VI": 0.16666666666666666, "7bVI": 0.16666666666666666}, "1I6": {"2V43": 0.3333333333333333, "0II65o/": 0.6666666666666666}, "0II42": {"0V65": 0.5, "0bIV64": 0.5}, "0bVI6": {"0bI": 0.2, "0VII7o": 0.2, "1I": 0.2, "3V65": 0.2, "3V7": 0.2}, "5VII7o": {"5II64": 1.0}, "3Ger+6": {"3V": 0.5, "5VII43o": 0.5}, "0I64": {"0V": 1.0}, "0VII4+o": {"0I42": 1.0}, "3VI": {"7V": 1.0}, "1I": {"1V": 0.16666666666666666, "1IV": 0.16666666666666666, "0V7": 0.5, "0V": 0.16666666666666666}, "1III": {"1I": 1.0}, "7bVI": {"7II65o/": 1.0}, "5bI64": {"5V": 1.0}, "5VII42o": {"5I64": 1.0}, "5V43": {"0IV64": 0.5, "0IV": 0.5}, "0II65o/": {"0bI64": 1.0}, "0VI": {"7VII7o": 0.25, "0bIV": 0.25, "7V65": 0.25, "0VII42o/": 0.25}, "8It+6": {"8V7": 1.0}, "0II65": {"0V7": 0.3333333333333333, "0V": 0.3333333333333333, "0I64": 0.3333333333333333}, "7bI": {"7bIV7": 0.5, "8V6": 0.5}, "8V6": {"0bVI": 1.0}, "0II6o": {"0V7": 1.0}, "8V65": {"8I": 1.0}, "0V6": {"7II7o/": 1.0}, "7V6": {"0I": 1.0}, "1IV": {"1II": 1.0}, "0bI64": {"0V7": 1.0}, "7V7": {"7VI": 0.09090909090909091, "0V": 0.5454545454545455, "0V7": 0.18181818181818182, "0V65": 0.09090909090909091, "7bI": 0.09090909090909091}, "0III6": {"0VI7": 1.0}, "0VII42o/": {"7V7": 1.0}, "0V": {"7V6": 0.058823529411764705, "1V42": 0.058823529411764705, "7V7": 0.058823529411764705, "0III6": 0.058823529411764705, "0VI7": 0.058823529411764705, "0bIII": 0.058823529411764705, "0I": 0.1764705882352941, "2V7": 0.058823529411764705, "6I": 0.058823529411764705, "0bIV64": 0.058823529411764705, "5V7": 0.058823529411764705, "0bI": 0.11764705882352941, "0V42": 0.058823529411764705, "0bVI": 0.058823529411764705}, "2V": {"7V": 1.0}, "8II": {"5It+6": 1.0}, "5V7": {"0IV": 0.5454545454545455, "8VI": 0.09090909090909091, "0IV6": 0.18181818181818182, "0bIV": 0.09090909090909091, "0II42": 0.09090909090909091}, "0IV6": {"0V7": 0.5, "0bIV64": 0.5}, "2V7": {"0II": 0.2, "0II7": 0.8}, "0I42": {"2V7": 1.0}, "0VII7o": {"0V6": 1.0}, "7II65o/": {"7V": 1.0}, "7II7o/": {"0Fr+6": 1.0}, "0Fr+6": {"0V": 1.0}, "7II": {"7V7": 1.0}, "9V65": {"0VI": 1.0}, "7VII7o": {"0V": 1.0}, "5It+6": {"5V7": 1.0}, "1II": {"3V": 1.0}, "0V9": {"0I": 1.0}, "0bI6": {"0bIV": 1.0}, "0bVI": {"1V7": 0.4, "1I": 0.2, "0V65": 0.2, "1I6": 0.2}, "0bI": {"7VII65o": 0.05, "0V7": 0.15000000000000002, "0bV64": 0.05, "3V6": 0.05, "0I": 0.05, "8I": 0.05, "7V7": 0.05, "0bVI6": 0.2, "0bVI": 0.05, "0V65": 0.05, "3V65": 0.05, "5V7": 0.05, "0bI64": 0.05, "0V": 0.05}, "1V42": {"1I6": 0.5, "0IV": 0.5}, "0b0IV7": {"0V7": 1.0}, "1V7": {"8IV": 0.3333333333333333, "1I": 0.6666666666666666}, "3V7": {"0bIII": 1.0}, "0bIV": {"0I": 0.5, "0bI": 0.25, "0V65": 0.25}, "4bVI": {"4Fr+6": 1.0}, "0VII65o/": {"0V": 1.0}, "8I64": {"8V7": 1.0}, "7VII65o": {"0V7": 1.0}, "8I": {"8bIV64": 0.2, "8V7": 0.2, "0V": 0.2, "8IV": 0.2, "0V7": 0.2}, "8I6": {"7V7": 1.0}, "5bIV64": {"1IV42": 1.0}, "0II7": {"0V9": 0.5, "0V7": 0.5}, "7V65": {"7V7": 0.25, "0V7": 0.75}, "0bIV6": {"0bVI": 1.0}, "6bVI": {"6Fr+6": 1.0}, "7I64": {"7V7": 1.0}, "0V65": {"0I": 0.3333333333333333, "5V7": 0.16666666666666666, "0bI": 0.5}, "8III": {"0bI": 1.0}, "8bIV64": {"8III": 1.0}, "7V": {"3V7": 0.3333333333333333, "2V": 0.3333333333333333, "0V43": 0.3333333333333333}, "3V6": {"3Ger+6": 1.0}, "1IV42": {"7Ger+6": 1.0}, "0V42": {"0bI6": 1.0}, "3V": {"0bIII": 0.5, "3Ger+6": 0.5}, "8VI": {"8IV": 1.0}, "5II64": {"5VII42o": 1.0}, "0II": {"0V7": 0.5, "0VII65o/": 0.5}, "8Fr+6": {"8I64": 1.0}, "7bIV7": {"8I6": 1.0}, "0bIV64": {"0II42": 0.25, "0bI": 0.25, "0bVI6": 0.25, "0V7": 0.25}, "4V": {"6bVI": 1.0}, "0V43": {"0I": 0.5, "0bI": 0.5}, "6Fr+6": {"6V": 1.0}, "8V7": {"4bVI": 0.25, "8I": 0.75}, "6V": {"8Fr+6": 1.0}, "0IV64": {"0V65": 1.0}, "7Ger+6": {"7I64": 1.0}, "0bV64": {"7V7": 1.0}, "2V43": {"7V7": 1.0}, "0V7": {"0I": 0.39999999999999997, "9V65": 0.06666666666666667, "0VI": 0.03333333333333333, "5V7": 0.1, "2V7": 0.03333333333333333, "5V43": 0.03333333333333333, "0bI": 0.2333333333333333, "0bIV6": 0.03333333333333333, "0bVI": 0.03333333333333333, "7bI": 0.03333333333333333}, "6I": {"5bIV64": 1.0}, "7VI": {"7II": 1.0}, "1V": {"1I": 1.0}}